--
-- Script was generated by Devart dbForge Studio 2020 for MySQL, Version 9.0.338.0
-- Product home page: http://www.devart.com/dbforge/mysql/studio
-- Script date 3/17/2023 11:30:19 AM
-- Server version: 10.4.27
-- Client version: 4.1
--

-- 
-- Disable foreign keys
-- 
/*!40014 SET @OLD_FOREIGN_KEY_CHECKS=@@FOREIGN_KEY_CHECKS, FOREIGN_KEY_CHECKS=0 */;

-- 
-- Set SQL mode
-- 
/*!40101 SET @OLD_SQL_MODE=@@SQL_MODE, SQL_MODE='NO_AUTO_VALUE_ON_ZERO' */;

-- 
-- Set character set the client will use to send SQL statements to the server
--
SET NAMES 'utf8';

--
-- Set default database
--
USE sieuthi_mini;

--
-- Drop table `cart`
--
DROP TABLE IF EXISTS cart;

--
-- Drop table `category_product`
--
DROP TABLE IF EXISTS category_product;

--
-- Drop table `ex_user_group`
--
DROP TABLE IF EXISTS ex_user_group;

--
-- Drop table `groups`
--
DROP TABLE IF EXISTS groups;

--
-- Drop table `group_permission`
--
DROP TABLE IF EXISTS group_permission;

--
-- Drop table `import_detail`
--
DROP TABLE IF EXISTS import_detail;

--
-- Drop table `import_mst`
--
DROP TABLE IF EXISTS import_mst;

--
-- Drop table `in_user_permission`
--
DROP TABLE IF EXISTS in_user_permission;

--
-- Drop table `orders`
--
DROP TABLE IF EXISTS orders;

--
-- Drop table `order_detail`
--
DROP TABLE IF EXISTS order_detail;

--
-- Drop table `permission`
--
DROP TABLE IF EXISTS permission;

--
-- Drop table `product`
--
DROP TABLE IF EXISTS product;

--
-- Drop table `product_image`
--
DROP TABLE IF EXISTS product_image;

--
-- Drop table `suppilier`
--
DROP TABLE IF EXISTS suppilier;

--
-- Drop table `user`
--
DROP TABLE IF EXISTS user;

--
-- Set default database
--
USE sieuthi_mini;

--
-- Create table `user`
--
CREATE TABLE user (
  user_id int(11) NOT NULL AUTO_INCREMENT,
  user_name varchar(255) NOT NULL DEFAULT '',
  password varchar(255) NOT NULL DEFAULT '',
  first_name varchar(255) DEFAULT NULL,
  last_name varchar(255) DEFAULT NULL,
  phone varchar(20) DEFAULT NULL,
  birth_date date DEFAULT NULL,
  address varchar(255) DEFAULT NULL,
  gender varchar(10) DEFAULT NULL,
  group_id int(11) DEFAULT 5,
  delivery_address varchar(255) DEFAULT NULL,
  status tinyint(1) NOT NULL DEFAULT 1,
  createAt date DEFAULT curdate(),
  PRIMARY KEY (user_id, user_name)
)
ENGINE = INNODB,
AUTO_INCREMENT = 6,
AVG_ROW_LENGTH = 2978,
CHARACTER SET utf8mb4,
COLLATE utf8mb4_general_ci;

--
-- Create table `suppilier`
--
CREATE TABLE suppilier (
  suppilier_id int(11) NOT NULL,
  name varchar(250) DEFAULT NULL,
  address varchar(255) DEFAULT NULL,
  phone varchar(20) DEFAULT NULL,
  PRIMARY KEY (suppilier_id)
)
ENGINE = INNODB,
AVG_ROW_LENGTH = 8192,
CHARACTER SET utf8mb4,
COLLATE utf8mb4_general_ci;

--
-- Create table `product_image`
--
CREATE TABLE product_image (
  prod_img_id int(11) NOT NULL AUTO_INCREMENT,
  product_id int(11) NOT NULL,
  image_name varchar(300) NOT NULL,
  PRIMARY KEY (prod_img_id)
)
ENGINE = INNODB,
AUTO_INCREMENT = 56,
AVG_ROW_LENGTH = 744,
CHARACTER SET utf8mb4,
COLLATE utf8mb4_general_ci;

--
-- Create table `product`
--
CREATE TABLE product (
  product_id int(11) NOT NULL AUTO_INCREMENT,
  name varchar(300) NOT NULL,
  slug varchar(255) NOT NULL DEFAULT '',
  description text DEFAULT NULL,
  price double NOT NULL,
  img varchar(255) NOT NULL DEFAULT '',
  mass varchar(200) NOT NULL,
  ingredient text DEFAULT NULL,
  how_to_use text DEFAULT NULL,
  preserve text DEFAULT NULL,
  trademark varchar(200) DEFAULT NULL,
  make_in varchar(200) DEFAULT NULL,
  cate_id int(11) NOT NULL,
  quantity int(11) NOT NULL,
  status tinyint(4) NOT NULL DEFAULT 1,
  createAt date DEFAULT curdate(),
  expire_date date DEFAULT NULL,
  PRIMARY KEY (product_id)
)
ENGINE = INNODB,
AUTO_INCREMENT = 52,
AVG_ROW_LENGTH = 2730,
CHARACTER SET utf8mb4,
COLLATE utf8mb4_general_ci;

--
-- Create table `permission`
--
CREATE TABLE permission (
  per_id int(11) NOT NULL AUTO_INCREMENT,
  name varchar(200) NOT NULL DEFAULT '',
  code_name varchar(255) DEFAULT NULL,
  PRIMARY KEY (per_id, name)
)
ENGINE = INNODB,
AUTO_INCREMENT = 46,
AVG_ROW_LENGTH = 4096,
CHARACTER SET utf8mb4,
COLLATE utf8mb4_general_ci;

--
-- Create table `order_detail`
--
CREATE TABLE order_detail (
  order_det_id int(11) NOT NULL AUTO_INCREMENT,
  order_id int(11) DEFAULT NULL,
  product_id int(11) DEFAULT NULL,
  price decimal(19, 2) DEFAULT NULL,
  quantity int(11) DEFAULT NULL,
  PRIMARY KEY (order_det_id)
)
ENGINE = INNODB,
AVG_ROW_LENGTH = 4096,
CHARACTER SET utf8mb4,
COLLATE utf8mb4_general_ci;

--
-- Create table `orders`
--
CREATE TABLE orders (
  order_id int(11) NOT NULL AUTO_INCREMENT,
  user_id int(11) DEFAULT NULL,
  order_date date NOT NULL DEFAULT curdate(),
  status varchar(255) DEFAULT 'Processing',
  PRIMARY KEY (order_id)
)
ENGINE = INNODB,
AVG_ROW_LENGTH = 6553,
CHARACTER SET utf8mb4,
COLLATE utf8mb4_general_ci;

--
-- Create table `in_user_permission`
--
CREATE TABLE in_user_permission (
  id int(11) NOT NULL AUTO_INCREMENT,
  user_id int(11) DEFAULT NULL,
  permission_id int(11) DEFAULT NULL,
  PRIMARY KEY (id)
)
ENGINE = INNODB,
CHARACTER SET utf8mb4,
COLLATE utf8mb4_general_ci;

--
-- Create table `import_mst`
--
CREATE TABLE import_mst (
  import_mst_id int(11) NOT NULL AUTO_INCREMENT,
  date date DEFAULT curdate(),
  suppilier_id int(11) DEFAULT NULL,
  user_id int(11) DEFAULT NULL,
  PRIMARY KEY (import_mst_id)
)
ENGINE = INNODB,
AUTO_INCREMENT = 8,
AVG_ROW_LENGTH = 5461,
CHARACTER SET utf8mb4,
COLLATE utf8mb4_general_ci;

--
-- Create table `import_detail`
--
CREATE TABLE import_detail (
  import_detail_id int(11) NOT NULL AUTO_INCREMENT,
  import_mst_id int(11) DEFAULT NULL,
  product_id int(11) DEFAULT NULL,
  quantity int(11) DEFAULT NULL,
  price decimal(19, 2) DEFAULT NULL,
  PRIMARY KEY (import_detail_id)
)
ENGINE = INNODB,
AUTO_INCREMENT = 10,
AVG_ROW_LENGTH = 5461,
CHARACTER SET utf8mb4,
COLLATE utf8mb4_general_ci;

--
-- Create table `group_permission`
--
CREATE TABLE group_permission (
  group_per_id int(11) NOT NULL AUTO_INCREMENT,
  group_id int(11) DEFAULT NULL,
  permission_id int(11) DEFAULT NULL,
  PRIMARY KEY (group_per_id)
)
ENGINE = INNODB,
AUTO_INCREMENT = 63,
AVG_ROW_LENGTH = 264,
CHARACTER SET utf8mb4,
COLLATE utf8mb4_general_ci;

--
-- Create table `groups`
--
CREATE TABLE groups (
  group_id int(11) NOT NULL AUTO_INCREMENT,
  name varchar(250) DEFAULT NULL,
  PRIMARY KEY (group_id)
)
ENGINE = INNODB,
AUTO_INCREMENT = 6,
AVG_ROW_LENGTH = 3276,
CHARACTER SET utf8mb4,
COLLATE utf8mb4_general_ci;

--
-- Create table `ex_user_group`
--
CREATE TABLE ex_user_group (
  id int(11) NOT NULL AUTO_INCREMENT,
  user_id int(11) DEFAULT NULL,
  permission_id int(11) DEFAULT NULL,
  PRIMARY KEY (id)
)
ENGINE = INNODB,
AUTO_INCREMENT = 5,
AVG_ROW_LENGTH = 4096,
CHARACTER SET utf8mb4,
COLLATE utf8mb4_general_ci;

--
-- Create table `category_product`
--
CREATE TABLE category_product (
  category_id int(11) NOT NULL AUTO_INCREMENT,
  name varchar(200) NOT NULL,
  name_code varchar(200) NOT NULL,
  PRIMARY KEY (category_id)
)
ENGINE = INNODB,
AUTO_INCREMENT = 25,
AVG_ROW_LENGTH = 712,
CHARACTER SET utf8mb4,
COLLATE utf8mb4_general_ci;

--
-- Create table `cart`
--
CREATE TABLE cart (
  cart_id int(11) NOT NULL AUTO_INCREMENT,
  user_id int(11) DEFAULT NULL,
  product_id int(11) DEFAULT NULL,
  quantity int(11) DEFAULT NULL,
  price decimal(19, 2) DEFAULT NULL,
  PRIMARY KEY (cart_id)
)
ENGINE = INNODB,
AVG_ROW_LENGTH = 4096,
CHARACTER SET utf8mb4,
COLLATE utf8mb4_general_ci;

-- 
-- Dumping data for table user
--
INSERT INTO user VALUES
(1, 'admin1', '$2b$10$Z/qpCl6b6g/bneGLSQExaO57wVj/txYZLkn2.VV6Fl//yymTaa6pa', 'Bình', 'Nguyễn Thanh', '0123456789', '2003-01-01', 'Phước Long A, Thủ Đức, Hồ Chí Minh', 'nam', 1, 'Phước Long A, Thủ Đức, Hồ Chí Minh', 1, '2023-03-01'),
(2, 'admin2', '$2b$10$LNXCHquGuyzizaU3Hh7otuOeP8UXxFsNzrgBdheFbyyPb7AqHELpK', 'Ninh', 'Nguyễn Văn', '0123456789', '2000-11-17', '273, An Dương Vương, Phường 3, Hồ Chí Minh', 'nam', 1, '273, An Dương Vương, Phường 3, Hồ Chí Minh', 1, '2023-03-01'),
(3, 'user1', '$2b$10$Xc/bO.Vrtw3xdZ6SlAt7nu9Rj50ZdRqPevKvdAK0KMYpbA5K/D8ha', 'Tèo', 'Nguyễn Văn', '0123456789', '2000-03-17', '273, An Dương Vương, Phường 3, Hồ Chí Minh', 'nam', 5, '273, An Dương Vương, Phường 3, Hồ Chí Minh', 1, '2023-03-01'),
(4, 'user2', '$2b$10$DG1loTmhgldr8ii1VfA5puleu8v0mKFicEvJ0PJanDYZSRomW68va', 'Xê', 'Lê Thị', '0123456789', '1999-01-01', '273, An Dương Vương, Phường 3, Hồ Chí Minh', 'nu', 5, '273, An Dương Vương, Phường 3, Hồ Chí Minh', 1, '2023-03-01'),
(5, 'user3', '$2a$10$/4K12H7jczHV85mVS7JryOJsb1u4wabx1HKDDjolcJw9DyGk56O3W', 'Be', 'Nguyễn Văn', '0123456789', '1995-02-02', '273, An Dương Vương, Phường 3, Hồ Chí Minh', 'nu', 5, '273, An Dương Vương, Phường 3, Hồ Chí Minh', 1, '2023-03-01');

-- 
-- Dumping data for table suppilier
--
INSERT INTO suppilier VALUES
(1, 'Hảo Hảo', 'HN, Việt Nam', '0123456789'),
(2, '3 Miền', 'HCM, Việt Nam', '0123222223');

-- 
-- Dumping data for table product_image
--
INSERT INTO product_image VALUES
(1, 1, 'thung-30-goi-mi-hao-hao-tom-chua-cay-75g-202110110920304347.jpg'),
(2, 1, 'thung-30-goi-mi-hao-hao-tom-chua-cay-75g-202110110920311202.jpg'),
(3, 1, 'thung-30-goi-mi-hao-hao-tom-chua-cay-75g-202110110920317419.jpg'),
(4, 1, 'thung-30-goi-mi-hao-hao-tom-chua-cay-75g-202110110920321184.jpg'),
(5, 1, 'thung-30-goi-mi-hao-hao-tom-chua-cay-75g-202110110920324936.jpg'),
(6, 1, 'thung-30-goi-mi-hao-hao-tom-chua-cay-75g-202202111435531681.jpg'),
(7, 1, 'thung-30-goi-mi-hao-hao-tom-chua-cay-75g-202211181144401243.jpg'),
(8, 2, 'thung-30-goi-mi-3-mien-tom-chua-cay-65g-202211181138546073.jpg'),
(9, 2, 'thung-30-goi-mi-3-mien-tom-chua-cay-65g-202202111517241801.jpg'),
(10, 2, 'thung-30-goi-mi-3-mien-tom-chua-cay-65g-201912091512050583.jpg'),
(11, 2, 'thung-30-goi-mi-3-mien-tom-chua-cay-65g-201912091512053684.jpg'),
(12, 2, 'thung-30-goi-mi-3-mien-tom-chua-cay-65g-201912091512056156.jpg'),
(13, 2, 'thung-30-goi-mi-3-mien-tom-chua-cay-65g-201912091512058497.jpg'),
(14, 2, 'mi-chua-cay-3-mien-65g-thung-4-org.jpg'),
(15, 3, 'thung-30-goi-hu-tieu-nam-vang-cung-dinh-78g-202008181316023474.jpg'),
(16, 3, 'thung-30-goi-hu-tieu-nam-vang-cung-dinh-78g-202202101704465651.jpg'),
(17, 3, 'thung-30-goi-hu-tieu-nam-vang-cung-dinh-78g-202008181316162632.jpg'),
(18, 3, 'thung-30-goi-hu-tieu-nam-vang-cung-dinh-78g-202008181316188274.jpg'),
(19, 3, 'thung-30-goi-hu-tieu-nam-vang-cung-dinh-78g-202008181316201422.jpg'),
(20, 3, 'thung-30-goi-hu-tieu-nam-vang-cung-dinh-78g-202008181316211419.jpg'),
(21, 3, 'thung-30-goi-hu-tieu-nam-vang-cung-dinh-78g-202008181316225778.jpg'),
(22, 3, 'thung-30-goi-hu-tieu-nam-vang-cung-dinh-78g-202008181316233493.jpg'),
(23, 4, 'thung-30-goi-mi-khoai-tay-omachi-xot-bo-ham-80g-201912081340008681.jpg'),
(24, 4, 'thung-30-goi-mi-khoai-tay-omachi-xot-bo-ham-80g-202202120757304010.jpg'),
(25, 4, 'thung-30-goi-mi-khoai-tay-omachi-xot-bo-ham-80g-202210112203096587.jpg'),
(26, 4, '-202209200940563078.jpg'),
(27, 4, '-202209200940567793.jpg'),
(28, 4, '-202209200940583421.jpg'),
(29, 4, '-202209200941000082.jpg'),
(30, 4, '-202209200941004595.jpg'),
(31, 6, 'banh-gao-cat-lat-tokpokki-matamun-goi-600g-202010311338517634.jpg'),
(32, 6, 'banh-gao-cat-lat-tokpokki-matamun-goi-600g-202010311338521747.jpg'),
(33, 6, 'banh-gao-cat-lat-tokpokki-matamun-goi-600g-202010311338527050.jpg'),
(34, 6, 'banh-gao-cat-lat-tokpokki-matamun-goi-600g-202010311338529922.jpg'),
(35, 6, 'banh-gao-cat-lat-tokpokki-matamun-goi-600g-202010311338532564.jpg'),
(36, 7, 'bun-gio-heo-hang-nga-goi-75g-thung-30-3-org.jpg'),
(37, 7, 'thung-30-goi-bun-gio-heo-hang-nga-75g-202202150955462652.jpg'),
(38, 7, 'thung-30-goi-bun-gio-heo-hang-nga-75g-201912121045415628.jpg'),
(39, 7, 'thung-30-goi-bun-gio-heo-hang-nga-75g-201912121045419341.jpg'),
(40, 7, 'thung-30-goi-bun-gio-heo-hang-nga-75g-201912121045422092.jpg'),
(41, 7, 'thung-30-goi-bun-gio-heo-hang-nga-75g-201912121045426875.jpg'),
(42, 7, 'thung-30-goi-bun-gio-heo-hang-nga-75g-201912121045429737.jpg'),
(43, 8, 'thung-24-lon-bia-heineken-silver-330ml-202205111635132939.jpg'),
(44, 8, 'thung-24-lon-bia-heineken-silver-330ml-202202101139462215.jpg'),
(45, 8, 'thung-24-lon-bia-heineken-silver-330ml-201903281046300671.jpg'),
(46, 8, 'thung-24-lon-bia-heineken-silver-330ml-201903281046301735.jpg'),
(47, 8, 'thung-24-lon-bia-heineken-silver-330ml-201910091038476393.jpg'),
(48, 8, 'thung-24-lon-bia-heineken-silver-330ml-201905221020252011.jpg'),
(49, 8, 'thung-24-lon-bia-heineken-silver-330ml-201903281046302976.jfif'),
(50, 0, ''),
(51, 0, ''),
(52, 0, ''),
(53, 0, ''),
(54, 0, ''),
(55, 0, '');

-- 
-- Dumping data for table product
--
INSERT INTO product VALUES
(1, 'Thùng 30 gói mì Hảo Hảo tôm chua cay 75g', 'mi-hao-hao-tom-chua-cay-75g-30', 'Sợi mì vàng dai ngon hòa quyện trong nước súp tôm chua cay Hảo Hảo, đậm đà thấm đẫm từng sợi sóng sánh cùng hương thơm quyến rũ ngất ngây. Mì Hảo Hảo tôm chua cay gói 75g là lựa chọn hấp dẫn không thể bỏ qua đặc biệt là những ngày bận rộn cần bổ sung năng lượng nhanh chóng đơn giản mà vẫn đủ chất', 118000, 'thung-30-goi-mi-hao-hao-tom-chua-cay-75g-202110110920304347.jpg', '75g / gói', 'VẮT MÌ - Bột mì (bổ sung vi chất (kẽm, sắt)), dầu thực vật (dầu cọ, chất chống oxy hoá (BHA (320), BHT (321))), tinh bột, muối, đường, nước mắm, chất điều vị (mononatri glutamat (621)), chất ổn định (pentanatri triphosphat (451(i), kali carbonat (501(i))), chất điều chỉnh độ acid (natri carbonat (500(i))), bột nghệ, chất tạo màu tự nhiên (curcumin (100(i))).', 'Cho vắt mì, gói súp và gói dầu vào tô. Chế nước sôi vào khoảng 400 ml, đậy nắp lại và chờ 3 phút. Trộn đều và dùng được ngay.', 'Để nơi khô ráo, thoáng mát tránh ánh nắng mặt trời.', 'Hảo Hảo (Việt Nam)', 'Việt Nam', 1, 10, 1, '2023-02-23', '2024-01-01'),
(2, 'Thùng 30 gói mì 3 Miền tôm chua cay 65g', 'mi-chua-cay-3-mien-65g-thung', 'Sở hữu nét đậm đà chuẩn hương vị truyền thống. Mì 3 Miền tôm chua cay gói 65g có được vị chua cay từ quá trình tìm tòi cũng như chắt lọc các nét đặc trưng nhất của các món chua cay dọc 3 miền tổ quốc. Để rồi thành phẩm mang đến cho người tiêu dùng hương vị tinh tế nhất và tuyệt hảo nhất', 89000, 'thung-30-goi-mi-3-mien-tom-chua-cay-65g-202211181138546073.jpg', '65g / gói', 'VẮT MÌ - Bột mì (75,0%), shortening, phẩm màu (curcumin (E100(i)).\r\nGÓI GIA VỊ - Bột tôm (30 g/kg), dầu cọ, muối, đường, bột tỏi, bột ớt, hành lá sấy, chất điều chỉnh độ acid (citric acid (E330)), chất điều vị (monosodium L-glutamate (E621), disodium 5''-inosinate (E631), disodium 5''-guanylate (E627)).', 'Cho vắt mì và gói gia vị vào tô. Chế khoảng 350 ml nước sôi vào tô mì, đậy nắp kín và chờ trong 3 phút. Mở nắp, trộn đều và bắt đầu thưởng thức.', 'Để nơi khô ráo, thoáng mát tránh ánh nắng mặt trời.', '3 Miền (Việt Nam)', 'Việt Nam', 1, 10, 1, '2023-02-23', '2024-01-01'),
(3, 'Thùng 30 gói hủ tiếu Nam Vang Cung Đình 78g', 'thung-30-goi-hu-tieu-nam-vang-cung-dinh-78g', 'Hủ tiếu ăn liền là bữa ăn cực tiện lợi và thơm ngon. 30 gói hủ tiếu Nam Vang Cung Đình 78g chính hãng hủ tiếu Cung Đình hương vị Nam Vang đặc trưng thấm đều trong từng sợi hủ tiếu dai ngon đậm đà cực đã cùng mùi hương hấp dẫn lôi cuốn không thể chối từ', 288000, 'thung-30-goi-hu-tieu-nam-vang-cung-dinh-78g-202008181316023474.jpg', '78g / gói', 'Sản phẩm có 2 thành phần chính: và vắt hủ tiếu và các gói trong vị, trong đó đặc biệt có gói xốt tôm mực cực hấp dẫn, gia vị ngon đúng điệu Nam Vang. Sản phẩm cung cấp cho cơ thể carbohydrate, chất đạm và chất béo', 'Cho hủ tiếu, gia vị vào tô, chế khoảng 400ml nước sôi và đậy nắp trong 3 phút', 'Bảo quản nơi khô ráo, tránh ánh nắng mặt trời. Nên chế biến ngay khi mở bao bì. Tránh để gần hoá chất và sản phẩm có mùi mạnh.', 'Cung Đình (Việt Nam)', 'Việt Nam', 1, 10, 1, '2023-02-23', '2024-01-01'),
(4, 'Thùng 30 gói mì khoai tây Omachi xốt bò hầm 80g', 'thung-mi-omachi-sot-bo-ham-goi-80g-30-goi', 'Sợi mì từ trứng và khoai tây vàng dai ngon hòa trong nước súp Omachi xốt bò hầm đậm đà cùng hương thơm nứt mũi tạo ra siêu phẩm mì với sự kết hợp hương vị hài hòa, độc đáo. 30 gói mì khoai tây Omachi xốt bò hầm 80g tiện lợi, thơm ngon hấp dẫn không thể chối từ', 252000, 'thung-30-goi-mi-khoai-tay-omachi-xot-bo-ham-80g-201912081340008681.jpg', '65g / gói', 'Vắt mì - bột mì, dầu cọ, tinh bột khoai mì, chất ổn định, tinh bột khoai tây, muối, nước mắm, chất điều vị, chiết xuất nấm men, chất tạo xốp, bột lòng đỏ trứng, hỗn hợp protein lòng trắng trứng, xiro ngô nồng độ fructose cao, chiết xuất trái dành dành, chất chống oxy hóa', 'Cho vắt mì, gói nêm, gói rau và gói dầu vào tô. Đổ vào 400ml nước sôi. Đậy nắp trong 3 phút. Mở nắp ra, trộn đều là dùng được ngay.', 'Bảo quản nơi khô ráo, thoáng mát, tránh ánh nắng trực tiếp. Không để gần hóa chất hoặc sản phẩm có mùi mạnh.', 'Omachi (Việt Nam)', 'Việt Nam', 19, 10, 1, '2023-02-23', '2024-01-01'),
(6, 'Bánh gạo cắt lát tokpokki Matamun gói 600g', 'banh-gao-cat-lat-tokpokki-matamun-goi-600g', 'Bánh gạo dạng gói chất lượng, dai ngon từ thương hiệu bánh gạo Matamun được sản xuất tại Hàn Quốc. Bánh gạo cắt lát tokpokki Matamun 600g tiện lợi cho bạn trổ tài sáng tạo chế biến các món ăn hấp dẫn như sốt cay, sốt phô mi, nấu lẩu,...Sản phẩm cam kết chính hãng và an toàn', 56000, 'banh-gao-cat-lat-tokpokki-matamun-goi-600g-202010311338517634.jpg', '600g/gói', 'Gạo (99,1%), muối, chất điều chỉnh acid, rượu ngũ cốc.', 'Cho bánh gạo tokpokki vào trong nồi nước. Khi bắt đầu sôi điều chỉnh lửa nhỏ đun khoảng 5 phút. Sau đó cho bánh gạo ra chế biến các món ăn tùy thích.', 'Nơi khô ráo, thoáng mát, tránh ánh nắng trực tiếp.', 'Matamun (Hàn Quốc)', 'Hàn Quốc', 1, 10, 1, '2023-02-23', '2024-01-01'),
(7, 'Thùng 30 gói bún giò heo Hằng Nga 75g', 'thung-30-goi-bun-gio-heo-hang-nga-75g', 'Sản phẩm bún ăn liền thương hiệu Hằng Nga được sản xuất từ các thành phần tự nhiên an toàn cho khỏe. 30 gói bún giò heo Hằng Nga 75g chất lượng thơm ngon với nước súp giò heo cực đậm đà và hấp dẫn cho bạn bữa ăn nhanh tiện lợi và dinh dưỡng', 260000, 'bun-gio-heo-hang-nga-goi-75g-thung-30-3-org.jpg', '75g', 'Gạo, tinh bột, muối, chất nhũ hoá, dầu tinh luyện, giả thịt (đậu nành), chất điều vị, cà rốt, hành lá, ngò, hương heo...', 'Cho bún, các gói gia vị vào tô. Thêm 400ml nước sôi, đậy nắp trong 5 phút', 'Nơi khô ráo, thoáng mát, tránh ánh nắng mặt trời', 'Hằng Nga (Việt Nam)', 'Việt Nam', 1, 10, 1, '2023-02-23', '2024-01-01'),
(8, 'Thùng 24 lon bia Heineken Silver 330ml', 'thung-24-lon-bia-heineken-silver-330ml', 'Bia thơm ngon chất lượng chính hãng thương hiệu bia được ưa chuộng tại hơn 192 quốc gia trên thế giới đến từ Hà Lan - bia Heineken. 24 lon Heineken Silver 330ml thơm ngon hương vị bia tuyệt hảo, cân bằng và êm dịu, thiết kế đẹp mắt, cho người dùng cảm giác sang trọng, nâng tầm đẳng cấp.', 440000, 'thung-24-lon-bia-heineken-silver-330ml-202205111635132939.jpg', '330ml', 'Nước, hoa bia, đại mạch, men A-Yeast', 'Dùng trực tiếp, ướp lạnh, hoặc dùng với đá', 'Bảo quản nơi sạch sẽ, khô ráo thoáng mát Tránh ánh nắng mặt trời Tránh bị đông đá', 'Bảo quản nơi sạch sẽ, khô ráo thoáng mát Tránh ánh nắng mặt trời Tránh bị đông đá', 'Việt Nam', 17, 10, 1, '2023-02-23', '2024-01-01'),
(16, 'Quýt giống Úc túi 1kg (5 - 9 trái)', 'quyt-giong-uc-tui-1kg-(5-9-trai)', 'Quýt Úc là trái cây có màu vàng ươm, quả hơi dẹp, trên vỏ quýt có các đốm tinh dầu to bóng. Quýt ngon, ngọt nhất khi trái hơi dẹt, cuống còn tươi, màu sáng đều. Quýt Úc tại Bách hóa XANH được trồng tại Trung Quốc chất lượng, tươi ngon', 640000, 'quyt-giong-uc-tui-1kg-5-9-trai-202205130905285767.jpg', '1kg', 'Quýt Úc được trồng tại Trung Quốc, đảm bảo nguồn gốc rõ ràng.', 'Để chọn quýt ngon, nên chọn những quả có cuống còn tươi, hơi dẹt, không bị dập, úng.', 'Lưu ý: Sản phẩm nhận được có thể khác với hình ảnh về màu sắc và số lượng nhưng vẫn đảm bảo về mặt khối lượng và chất lượng', 'Quýt Úc', 'Trung Quốc', 14, 10, 1, '2023-03-01', '2024-01-01'),
(17, 'Nước giặt Surf hương nước hoa túi 3 lít', 'nuoc-giat-surf-huong-nuoc-hoa-tui-3-lit', 'Surf là sản phẩm nước giặt thương hiệu đến từ Hà Lan và Anh, nước giặt Surf giúp sạch nhanh hiệu quả, đưa hương thơm lan toả dù ngày nắng hay mưa, giúp bạn tự tin với quần áo luôn thơm tho, sạch sẽ. Nước giặt Surf hương nước hoa túi 3 lít với hương cỏ hoa thơm mát dễ chịu.', 106000, 'nuoc-giat-surf-huong-nuoc-hoa-tui-3-lit-202204191521510721.png', '1kg', 'Hương nước hoa', 'Bếp ga, bếp hồng ngoại', 'Nơi khô ráo thoáng mát. Tránh tiếp xúc trực tiếp với ánh nắng mặt trời', 'Surf (Anh và Hà Lan)', 'Việt Nam', 20, 10, 1, '2023-03-17', '2024-01-01'),
(18, 'Nồi nhật nhôm Kim Hằng KHG9587 30cm', 'noi-nhat-nhom-kim-hang-khg9587-30cm', 'Bộ nồi bằng nhôm cao cấp,  bề mặt được xử lý theo công nghệ xi dương cực giúp nồi bền, sử dụng lâu và nấu thức ăn ngon hơn. Nồi nhật nhôm Kim Hằng KHG9587 30cm tiện lợi, có thể sử dụng cho bếp ga và bếp hồng ngoại. Nồi Kim Hằng chất lượng cao.', 360000, 'noi-nhat-nhom-kim-hang-khg9587-30cm-202108041419171460.jpg', '10.7 lít', 'Nhôm hợp kim tinh chất AA1050 tiêu chuẩn JIS', 'Giặt tay, giặt máy cửa trên. Xử lý vết bẩn trước khi giặt thoa 1 ít nước giặt lên vết bẩn và chà nhẹ. Điều chỉnh lượng nước giặt tương ứng với lượng quần áo và độ bẩn. Đối với Giặt máy dùng 76ml cho một lần giặt thông thường. Chọn chế độ giặt cho phù hợp. Đối với giặt tay dùng 38ml cho một lần giặt thông thường. Cho nước giặt vào chậu nước đánh mạnh để tạo bọt. Giặt quần áo', 'Bảo quản nơi thoáng mát. Tránh va đập mạnh.', 'Kim Hằng', 'Việt Nam', 21, 10, 1, '2023-03-17', '2025-01-01'),
(19, 'Chảo bầu quantum chống dính Kim Hằng 36cm', 'chao-bau-quantum-chong-dinh-kim-hang-36cm', 'Chảo làm bằng hợp kim nhôm tinh chất, giúp chảo bền, sử dụng tiện lợi chống dính và dễ vệ sinh. Chảo bầu quantum chống dính Kim Hằng 36cm chất lượng giúp nấu các món ăn trở nên thơm ngon và hấp dẫn. Chảo Kim Hằng chất lượng, tiện lợi', 312000, 'chao-bau-quantum-chong-dinh-kim-hang-36cm-202108030917190424.jpg', '36cm', 'Nhôm hợp kim tinh chất', 'Dùng để chiên, xào thức ăn', 'Bảo quản nơi thoáng mát. Tránh va đập mạnh. Bếp ga, bếp hồng ngoại', 'Kim Hằng', 'Việt Nam', 21, 10, 1, '2023-03-17', '2025-01-01'),
(20, 'Chảo chống dính đáy từ HappyCall Titanium 26cm', 'chao-chong-dinh-day-tu-happycall-titanium-26cm', 'Chảo chống dính HappyCall được sản xuất từ chất liệu nhôm, thép không gỉ, chống móp méo tốt. Đáy chảo phẳng, tỏa nhiệt đều và giữ nhiệt lâu khi nấu. Chảo chống dính đáy từ HappyCall Titanium 26cm có tay cầm cách nhiệt an toàn, có lỗ treo tiện lợi.', 410000, 'chao-chong-dinh-day-tu-happycall-titanium-26cm-202107310901356076.jpg', '26cm', 'Nhôm, thép không gỉ, nhựa tổng hợp', 'Tráng qua một lớp dầu ăn trong lần đầu tiên sử dụng để tăng tuổi thọ chảo. Bếp từ, bếp hồng ngoại, bếp ga', 'Nên nấu ăn ở nhiệt độ trung bình, không quá cao, không sử dụng trong lò vi song và lò nướng. Không sử dụng miếng tẩy rửa bằng kim loại. Không sử dụng các chất tẩy rửa có chất bào mòn sản phẩm', 'HappyCall', 'Hàn Quốc', 21, 10, 1, '2023-03-17', '2025-01-01'),
(21, 'Khuôn bò bít tết nhôm Kim Hằng ADC', 'khuon-bo-bit-tet-nhom-kim-hang-adc', 'Chảo Kim Hằng được thiết kế nhỏ gọn, có khả năng làm nóng nhanh, khuôn giữ nhiệt tốt, giúp chế biến món trứng ốp la, bò bít tết nhanh chóng và thơm ngon hơn. Khuôn bò bít tết nhôm Kim Hằng ADC được làm từ chất liệu nhôm cao cấp, bền bỉ và an toàn cho sức khoẻ.', 304000, 'khuon-bo-bit-tech-nhom-kim-hang-adc-202108071010422453.jpg', '14inch', 'Nhôm tiêu chuẩn Nhật Bản AA 3003 JIS', 'Dùng được với bếp ga', 'Nơi khô ráo, thoáng mát', 'Kim Hằng', 'Việt Nam', 21, 10, 1, '2023-03-17', '2025-01-01'),
(22, 'Khuôn bò bít tết nhôm Kim Hằng ADC', 'khuon-bo-bit-tet-nhom-kim-hang-adc', 'Có đường kính 18cm, thành cao, có thể chiên xào với một lượng thức ăn nhiều. Chảo được làm bằng chất liệu gang cực bền bỉ, dễ dàng sử dụng, vệ sinh. Chảo gang chống dính Tuyết Mai 18cm giúp truyền nhiệt nhanh, thức ăn chín đều. Cán chảo Tuyết Mai cách nhiệt hiệu quả, chắc chắn nếu cần di chuyển', 280000, 'chao-gang-chong-dinh-tuyet-mai-18cm-202202161309570230.jpg', '18cm', 'Gang', 'Dùng cho bếp ga, cho bếp hồng ngoại', 'Nơi khô ráo, thoáng mát', 'Tuyết Mai', 'Việt Nam', 21, 10, 1, '2023-03-17', '2025-01-01'),
(23, 'Gạo thơm A An ST24 túi 5kg', 'gao-thom-a-an-st24-tui-5kg', 'Là loại gạo mềm thơm, giống gạo ST24 của thương hiệu gạo A An được trồng theo công nghệ hiện đại, tiên tiến không sử dụng chất kích thích tăng trưởng, mang đến cho bạn bữa cơm ngon miệng. Gạo thơm A An ST24 túi 5kg dẻo nhiều, cơm nhiều nhưng nở ít tạo cảm giác ngon miệng khi ăn.', 119000, 'gao-thom-a-an-st24-tui-5kg-202204021021313013.jpg', '5kg', 'Giống ST24', '1 chén gạo cho 1 - 1,2 chén nước (tăng giảm tuỳ khẩu vị)', 'Để nơi khô ráo, thoáng mát, tránh ánh nắng trực tiếp', 'A An', 'Việt Nam', 7, 10, 1, '2023-03-17', '2025-01-01'),
(24, 'Gạo thơm Vua Gạo ST25 Lúa Tôm túi 5kg', 'gao-thom-vua-gao-st25-lua-tom-tui-5kg', 'Gạo thơm Vua Gạo ST25 Lúa Tôm túi 5kg là loại gạo thơm ngon, có độ dẻo và mềm đặc biệt, hạt gạo thon dài, không bị khô sau khi nấu. Sản phẩm gạo Vua Gạo được đánh giá cao về chất lượng sản phẩm, hương vị thơm ngon, hấp dẫn, túi 5kg thích hợp cho gia đình sử dụng.', 195000, 'gao-thom-vua-gao-st25-lua-tom-tui-5kg-202211170832226107.jpg', '5kg', 'Giống ST25', '1 chén gạo cho 1 - 1,2 chén nước (tăng giảm tuỳ khẩu vị)', 'Để nơi khô ráo, thoáng mát, tránh ánh nắng trực tiếp', 'Vua Gạo', 'Việt Nam', 7, 10, 1, '2023-03-17', '2025-01-01'),
(25, 'Gạo thơm đặc sản Neptune ST25 túi 5kg', 'gao-thom-dac-san-neptune-st25-tui-5kg', 'Gạo là lương thực thực phẩm thiết yếu có trong mọi căn bếp. Gạo thơm đặc sản Neptune ST25 túi 5kg với giống gạo ST25 ngon nhất thế giới vào năm 2019, hạt cơm ngọt, dẻo nhiều và ít nở, giúp bạn ăn ngon miệng. Gạo Neptune chất lượng, thơm ngon, giúp bạn ăn được nhiều cơm.', 185000, 'gao-thom-dac-san-neptune-st25-tui-5kg-202303010822397005.jpg', '5kg', 'Giống ST25', 'Vo sạch gạo. Đong nước theo tỉ lệ gạo - nước là 1-1 hoặc 1-1,2. Nấu đến khi cơm chín tới, không mở nắp trong khi nấu. Sau khi cơm chín, để thêm 10 phút nữa để cơm ráo.', 'Để nơi khô ráo, thoáng mát, tránh ánh nắng trực tiếp', 'Neptune', 'Việt Nam', 7, 10, 1, '2023-03-17', '2025-01-01'),
(26, 'Gạo ST25 Thượng hạng Đồng Việt túi 5kg\n', 'gao-st25-thuong-hang-dong-viet-tui-5kg', 'Gạo ST25 Thượng hạng Đồng Việt túi 5kg là loại gạo thơm được thu hoạch từ giống lúa ST25. Gạo Đồng Việt là thương hiệu nổi tiếng với các sản phẩm gạo chất lượng, không chứa chất bảo quản, chất tạo mùi và không để lại dư lượng thuốc bảo vệ thực vật khác.', 179000, 'gao-st25-thuong-hang-dong-viet-tui-5kg-202212280854102020.jpg', '5kg', 'Giống ST25', '1 chén gạo cho 1 chén nước (tăng giảm tuỳ khẩu vị)', 'Để nơi khô ráo, thoáng mát, tránh ánh nắng trực tiếp', 'Đồng Việt', 'Việt Nam', 7, 10, 1, '2023-03-17', '2025-01-01'),
(27, 'Gạo trắng Thiên Nhật túi 5kg', 'gao-trang-thien-nhat-tui-5kg', 'Gạo Thiên Nhật chất lượng, không chứa chất bảo quản, tạo mùi hay tẩy trắng. Gạo trắng Thiên Nhật túi 5kg cho ra cơm dẻo vừa, nở ít, giúp ăm ngon miệng hơn. Gạo túi 5kg tiện lợi và tiết kiệm cho cả gia đình cùng sử dụng.', 74000, 'gao-trang-thien-nhat-tui-5kg-202206220935467038.jpg', '5kg', 'Giống ST25', '1 chén gạo cho 1.2 chén nước', 'Để nơi khô ráo, thoáng mát, tránh ánh nắng trực tiếp', 'Thiên Nhật', 'Việt Nam', 7, 10, 1, '2023-03-17', '2025-01-01'),
(28, 'Gạo Lạc Việt đệ nhất ST25 túi 5kg', 'gao-lac-viet-de-nhat-st25-tui-5kg', 'Gạo là nguyên liệu không thể thiếu trong bữa cơm hằng ngày của người Việt. Gạo Lạc Việt đệ nhất ST25 túi 5kg thơm ngon với giống lúa ST25 nổi tiếng, gạo có độ mềm dẻo cùng hương thơm nhẹ nhàng. Gạo Lạc Việt được sản xuất từ 100% hạt gạo tự nhiên đạt chất lượng.', 140000, 'gao-thom-a-an-st24-tui-5kg-202204021021313013.jpg', '5kg', 'Giống ST25', '1 chén gạo cho 1 chén nước (tăng giảm tuỳ khẩu vị)', 'Để nơi khô ráo, thoáng mát, tránh ánh nắng trực tiếp', 'Lạc Việt', 'Việt Nam', 7, 10, 1, '2023-03-17', '2025-01-01'),
(29, 'Gạo đặc sản Trạng Nguyên Vinh Hiển ST25 túi 5kg', 'gao-dac-san-trang-nguyen-vinh-hien-st25-tui-5kg', 'Gạo là lương thực quan trọng, không thể thiếu trong những bữa cơm gia đình. Gạo Vinh Hiển là thương hiệu lớn với sản phẩm Gạo đặc sản trạng nguyên Vinh Hiển ST25 túi 5kg dẻo, mềm và thơm giúp ăn ngon miệng, rất hợp khẩu vị nhiều người. Túi nhỏ thích hợp cho sử dụng cá nhân hoặc dùng thử.', 179000, 'gao-dac-san-trang-nguyen-vinh-hien-st25-tui-5kg-202212131033083592.jpg', '5kg', 'Giống ST25', 'Cho gạo vào nồi và vo sạch với nước. Cho nước vào nồi tỉ lệ (1-1) (có thể tăng giảm lượng nước tùy theo khẩu vị). Thời gian nấu từ 20-30 phút. Xới cơm trước khi dùng.', 'Bảo quản nơi khô ráo, thoáng mát, cách xa nơi có độ ẩm cao và tránh ánh nắng trực tiếp', 'Vinh Hiển', 'Việt Nam', 7, 10, 1, '2023-03-17', '2025-01-01'),
(30, 'Gạo hương lài Thiên Kim túi 5kg', 'gao-huong-lai-thien-kim-tui-5kg', 'Cơm dẻo mềm, thơm lài, ngọt nhẹ. Gạo Thiên Kim Hương Lài được sản xuất theo quy trình khoa học, đảm bảo mang lại những hạt gạo ngon, tươi mới, thơm lành, chất lượng nhất mà vẫn an toàn cho sức khoẻ của người tiêu dùng.', 91000, 'gao-thom-jasmine-5kg-2-org.jpg', '5kg', 'Giống ST25', '1 chén gạo cho 1,2 chén nước (tăng giảm tuỳ khẩu vị)', 'Nơi thoáng mát, nên dùng trong 1 tháng sau khi mở bao bì', 'Thiên Kim', 'Việt Nam', 7, 10, 1, '2023-03-17', '2025-01-01'),
(31, 'Gạo thơm lài Bách hoá XANH túi 5kg', 'gao-thom-lai-bach-hoa-xanh-tui-5kg', 'Gạo khi nấu chín dẻo vừa, thơm nhẹ, nở vừa phải, cơm mềm. Gạo thơm lài Bách hoá XANH túi 5kg là gạo của Bách Hóa Xanh, được canh tác nuôi trồng theo quy trình hiện đại, tiên tiến, không sử dụng chất kích thích tăng trưởng,đảm bảo an toàn, chất lượng và mang đến bữa cơm tròn vị cho gia đình bạn.', 103000, 'gao-thom-lai-bach-hoa-xanh-tui-5kg-201910041050516831.jpg', '5kg', 'Giống lúa Đài thơm 8', '1 chén gạo cho 1,3 chén nước (tăng giảm tuỳ khẩu vị)', 'Để nơi khô ráo, thoáng mát, tránh ánh nắng trực tiếp', 'Bách hoá XANH', 'Việt Nam', 7, 10, 1, '2023-03-17', '2025-01-01'),
(32, 'Gạo thơm Ngon ST24 túi 5kg', 'gao-thom-ngon-st24-tui-5kg', 'Gạo khi nấu cho cơm mềm ngọt, dẻo dai, rất ngon tạo cảm giác dễ chịu cho người ăn. Gạo thơm Ngon ST24 túi 5kg thuộc thương hiệu gạo Ngon được nuôi trồng canh tác theo quy trình tiên tiến, nghiêm ngặt đảm bảo không chất bảo quản, không thuốc trừ sâu, kích thích tăng trưởng.', 103000, 'gao-thom-ngon-st24-tui-5kg-202101261415591064.jpg', '5kg', 'Giống ST24', 'Nấu cơm theo tỷ lệ 1 chén gạo khoảng 0.9 - 1 chén nước (điều chỉnh lượng nước cho phù hợp, nên nấu ít nước để giữ vị tinh tế của cơm). Nấu đến khi cơm chín ( khoảng 25 phút) sau đó chờ khoảng 10 phút để cơm ráo, không cần xới xáo.', 'Để nơi khô ráo, thoáng mát, tránh ánh nắng trực tiếp', 'Ngon', 'Việt Nam', 7, 10, 1, '2023-03-17', '2025-01-01'),
(33, 'Gạo trắng 6868 Angel túi 5kg', 'gao-trang-6868-angel-tui-5kg', 'Gạo các loại Angel là loại gạo chất lượng, hạt gạo trắng thơm ngon chất lượng, dẻo mềm với chất lượng được ưu tiên hàng đầu. Gạo trắng 6868 Angel túi 5kg với 100% chất lượng cao cấp, hạt gạo cho cớm nấu thành phẩm thơm ngon khó cưỡng, dẻo, nở, mềm cho bữa ăn thêm tròn vị, bắt cơm hơn rất nhiều.', 114000, 'gao-trang-6868-angel-tui-5kg-202204190842251152.jpg', '5kg', 'Quýt Úc được trồng tại Trung Quốc, đảm bảo nguồn gốc rõ ràng.', 'Tỷ lệ lý tưởng để nấu 6868 gạo trắng là 2-1, nghĩa là 2 cốc nước cho mỗi cốc gạo. Bạn có thể nấu cơm này trên bếp, trong nồi cơm điện, nồi nấu chậm hoặc thậm chí trong lò vi sóng.', 'Bảo quản nơi khô ráo, thoáng mát, tránh ẩm thấp vì dễ sinh mối mọt. Đậy kín nắp thùng gạo sau khi lấy gạo. Tránh tiếp xúc trực tiếp với ánh nắng mặt trời', 'Angel', 'Việt Nam', 7, 10, 1, '2023-03-17', '2024-01-01'),
(34, 'Gạo tấm thơm Angel Fine Foods túi 5kg', 'gao-tam-thom-angel-fine-foods-tui-5kg', 'Gạo các loại, tấm các loại là thực phẩm chính trong bữa ăn của người Việt. Tấm, gạo các loại Angel được ưa chuộng bởi sự tiện lợi, độ thơm ngon và đảm bảo chất lượng. Gạo tấm thơm Angel Fine Foods túi 5kg ngon và mềm, vị thơm ngọt có độ nở vừa phải, phù hợp với khẩu vị của người Việt.', 114000, 'gao-tam-thom-angel-fine-foods-tui-5kg-202210050838168651.jpg', '5kg', 'Quýt Úc được trồng tại Trung Quốc, đảm bảo nguồn gốc rõ ràng.', '1 chén gạo cho 1 - 1,2 chén nước (tăng giảm tuỳ khẩu vị)', 'Bảo quản nơi khô ráo, thoáng mát, tránh ẩm thấp vì dễ sinh mối mọt. Đậy kín nắp thùng gạo sau khi lấy gạo. Tránh tiếp xúc trực tiếp với ánh nắng mặt trời', 'Angel', 'Việt Nam', 7, 10, 1, '2023-03-17', '2024-01-01'),
(35, 'Gạo thơm thượng hạng Neptune Nhãn Vàng túi 5kg', 'gao-thom-thuong-hang-neptune-nhan-vang-tui-5kg', 'Gạo là lương thực không thể thiếu trong căn bếp người Việt ta. Gạo thơm thượng hạng Neptune Nhãn Vàng túi 5kg là loại gạo rất thơm, mềm và ít nở, khi nấu thành cơm ăn khá ngọt. Gạo Neptune chất lượng, giúp ăn ngon miệng, xứng đáng là loại gạo nên có trong mỗi căn bếp', 155000, 'gao-thom-thuong-hang-neptune-nhan-vang-tui-5kg-202111021832474882.jpg', '5kg', 'Gạo Thơm', 'Vo sạch gạo. Đong nước theo tỉ lệ gạo - nước là 1-1 hoặc 1-1,2. Nấu đến khi cơm chín tới, không mở nắp trong khi nấu. Sau khi cơm chín, để thêm 10 phút nữa để cơm ráo.', 'Để nơi khô ráo, thoáng mát, tránh ánh nắng trực tiếp', 'Neptune', 'Việt Nam', 7, 10, 1, '2023-03-17', '2024-01-01'),
(36, 'Gạo thơm Vua Gạo ST25 túi 5kg', 'gao-thom-vua-gao-st25-tui-5kg', 'Gạo hạt dài, thơm đặc trưng và nở ít tạo giác ăn ngon miệng. Gạo thơm Vua Gạo ST25 túi 5kg vị dẻo, vị thơm đặc trưng sẽ kích thích vị giác giúp thưởng thức các món ăn khác tuyệt vời hơn. Gạo đảm bảo an toàn, không tẩy trắng, không chứa chất bảo quản. Túi 5kg phù hợp với cả gia đình.', 140000, 'gao-thom-vua-gao-st25-tui-5kg-202103131616343493.jpg', '5kg', 'Giống ST25', 'Vo gạo sạch bằng nước. Cho nước theo tỷ lệ 1 gạo-1 nước (ít nước). Lau khô nồi, cắm điện và nhấn nút. Dùng cơm ngon hơn khi còn nóng.', 'Để nơi khô ráo, thoáng mát, tránh ánh nắng trực tiếp', 'Vua Gạo', 'Việt Nam', 7, 10, 1, '2023-03-17', '2024-01-01'),
(37, 'Gạo lức huyết rồng PMT túi 2kg', 'gao-luc-huyet-rong-pmt-tui-2kg', 'Hạt gạo màu đỏ, chứa nhiều chất xơ, giàu canxi, sắt... khi nấu, gạo nở vừa, chứa nhều chất dinh dưỡng, hỗ trợ và phòng chống ung thư, tăng cường hệ miễn dịch. Gạo lứt huyết rồng PMT túi 2kg của hãng gạo PMT không sử dụng chất bảo quản, chất kích thích tăng trưởng đảm bảo an toàn đến tay người dùng.', 78000, 'gao-luc-huyet-rong-pmt-tui-2kg-201912111120503715.jpg', '2kg', 'Gạo lứt huyết rồng', 'Vo gạo sạch bằng nước. Cho nước theo tỷ lệ 1 gạo-1 nước (ít nước). Lau khô nồi, cắm điện và nhấn nút. Dùng cơm ngon hơn khi còn nóng.', 'Nơi thoáng mát, nên dùng trong 1 tháng sau khi mở bao bì', 'PMT', 'Việt Nam', 7, 10, 1, '2023-03-17', '2024-01-01'),
(38, 'Gia vị nêm sẵn lẩu Thái Aji-Quick gói 50g', 'gia-vi-nem-san-lau-thai-aji-quick-goi-50g', 'Là loại gia vị nêm sẵn hiện đang được rất nhiều người ưa chuộng của thương hiệu gia vị nêm sẵn Aji-Quick. Gia vị nêm sẵn nấu lẩu Thái Aji-Quick gói 50g là sự kết hợp hài hòa của tất cả các loại gia vị cần thiết, cho món lẩu thái chua cay đậm vị như ở nhà hàng ngay tại nhà.', 8400, 'gia-vi-nem-san-lau-thai-aji-quick-goi-55g-201911211600565745.jpg', '50g', 'Muối, đường, chất điều vị, me, ớt, chất điều chỉnh độ acid, riềng, dầu ăn, hương Tom Yum tổng hợp, chất chiết từ men, tiêu, phẩm màu, chất tạo ngọt, hương nấm tổng hợp. Sản phẩm có chứa sữa, tôm, cá, đậu phộng, đậu nành.', 'Phi thơm hành, tỏi với 6 - 7 muỗng canh dầu ăn bằng lửa nhỏ, thêm 1 trái cà chua cắt múi và 1/4 trái thơm cắt lát vào xào cho chín bằng lửa lớn. Cho 1,5 lít nước vào, đun sôi, cho gói gia vị vào, khuấy đều. Thêm vài tép sả đập dập và lá chanh vào. Đun sôi lại và thưởng thức. Thêm hải sản, rau tuỳ thích', 'Để nơi khô ráo, thoáng mát, tránh ánh nắng trực tiếp', 'Aji-Quick', 'Việt Nam', 4, 10, 1, '2023-03-17', '2024-01-01'),
(39, 'Xốt ướp thịt nướng Cholimex hũ 200g', 'xot-uop-thit-nuong-cholimex-hu-200g', 'Sản phẩm rất tiện dụng cho món thịt nướng vì tổng hợp đủ các gia vị như nước mắm, tỏi, hành, đường, muối ăn, mật ong, sả, tiêu, bột ngọt… Chỉ với 1 lượng xốt ướp vừa phải cùng với 1.5g thịt thì bạn sẽ có ngay món thịt nướng thơm ngon, đậm đà, khó cưỡng.', 22300, 'xot-uop-thit-nuong-cholimex-hu-200g-201911051032361300.jpg', '200g', 'Đường, nước, nước mắm (cá cơm, muối), hành, tỏi, dầu nành, mật ong, sả, tiêu, dầu mè, chất ổn định (1422), chất điều vị (621), phẩm màu tổng hợp', 'Ướp khoảng 1 giờ trước khi nướng hoặc chiên. Có thể ướp tôm, gà , thịt các loại,...', 'Để nơi khô ráo, thoáng mát, tránh ánh nắng trực tiếp. Bảo quản trong ngăn mát tủ lạnh nếu không dùng hết', 'Cholimex', 'Việt Nam', 4, 10, 1, '2023-03-17', '2024-01-01'),
(40, 'Gia vị hoàn chỉnh dạng xốt thịt kho Chinsu gói 70g', 'gia-vi-hoan-chinh-dang-xot-thit-kho-chinsu-goi-70g', 'Sản phẩm gia vị nêm sẵn kho thịt của thương hiệu gia vị nêm sẵn Chinsu giúp món ngon thấm gia vị, lên màu đẹp, bắt mắt. Gia vị hoàn chỉnh xốt thịt kho Chinsu gói 70g với sự kết hợp đầy đủ của nước màu, đường, muối và nước mắm, được phối trộn theo tỷ lệ chuẩn, giúp cho món thịt kho ngon chuẩn vị.', 6500, 'gia-vi-hoan-chinh-dang-xot-thit-kho-trung-chinsu-goi-70g-201905240016431259.jpg', '70g', 'Nước mắm (cá, muối, nước), nước, đường, hành tím, dầu thực vật, chất điều vị (621, 635), tỏi, muối, dextroza, hành tây, chất ổn định (1442, 471, 415), chất tạo màu (caramel (150a), paprika oleoresin tự nhiên), gia vị hỗn hợp, nước màu dừa, chất điều chỉnh độ axit (330), hương liệu tổng hợp, chất bảo quản (202), chất tạo ngọt acesulfame potassium tổng hợp, chất chống oxy hóa (320, 321)', 'Ướp 400g thịt với 1 gói xốt Chinsu thịt kho trong khoảng 10 phút. Cho thịt vào nồi, thêm khoảng 1 chén nước và đun sôi. Có thể thêm trứng luộc. Kho nhỏ lửa đến khi thịt mềm thấm vị, lên màu nâu vàng như ý.', 'Để nơi khô ráo, thoáng mát, tránh ánh nắng trực tiếp', 'Chinsu', 'Việt Nam', 4, 10, 1, '2023-03-17', '2024-01-01'),
(41, 'Sốt lẩu Thái Cholimex chai 280g', 'sot-lau-thai-cholimex-chai-280g', 'Có thành phần gồm dầu ăn, tỏi, sả, gừng, riềng, lá chanh, me, ớt, đường, muối… Sản phẩm mang tới sự thơm ngon của những nguyên liệu tự nhiên, hương vị đậm đà, kích thích vị giác, phù hợp khẩu vị của người Việt Nam.', 20000, 'lau-thai-cholimex-chai-280g-201903170008408860.jfif', '280g', 'Dầu ăn, tỏi, sả, gừng, riềng, lá chanh, me, ớt, đường, muối ăn, nước, chất ổn định (1422), chất điều vị (621), chất điều chỉnh độ acid (330), (270), chất bảo quản (211)', 'Cho sốt vào 1,5 lít nước đun sôi. Thêm hải sản, rau tuỳ thích vào.', 'Để nơi khô ráo, thoáng mát, tránh ánh nắng trực tiếp', 'Cholimex', 'Việt Nam', 4, 10, 1, '2023-03-17', '2024-01-01'),
(42, 'Nước chấm Đầu Bếp Tôm chai 900ml', 'nuoc-cham-dau-bep-tom-chai-900ml', 'Nước mắm của thương hiệu nước mắm Đầu Bếp Tôm được chế biến từ những con tôm tươi được tuyển chọn. Nước chấm Đầu Bếp Tôm chai 900ml được làm từ cốt tôm thật, với vị mặn dịu và ngọt nhẹ, giúp tăng thêm hương vị cho các món ăn hằng ngày.', 13000, 'nuoc-cham-dau-bep-tom-chai-900ml-202211040839259637.jpg', '900ml', 'Nước, nước mắm tôm (tôm, muối), muối, chất tạo ngọt tổng hợp, chất điều vị, chất điều chỉnh độ acid, chất bảo quản, màu tổng hợp, màu tự nhiên, hương tôm tổng hợp.', 'Chuyên dùng để chấm ăn sống hoặc chế biến các món ăn hằng ngày cho gia đình.', 'Để nơi khô ráo, thoáng mát, tránh ánh nắng trực tiếp', 'Đầu Bếp Tôm', 'Việt Nam', 4, 10, 1, '2023-03-17', '2024-01-01'),
(43, 'Nước mắm Nam Ngư 10 độ đạm chai 900ml', 'nuoc-mam-nam-ngu-10-do-dam-chai-900ml', 'Nước mắm Nam Ngư đem đến cho người tiêu dùng Việt Nam những giọt nước mắm thơm ngon, sự lựa chọn hàng đầu của người Việt. Nước mắm Nam Ngư 10 độ đạm chai 900ml với dây chuyền khép kín với thành phần cá cơm tươi ngon tạo nên hương vị thơm ngon, đậm đà, màu sắc hấp dẫn.', 56500, 'nuoc-mam-nam-ngu-10-do-dam-chai-900ml-202212050916530690.png', '900ml', 'Nước mắm cốt cá cơm, nước muối, đường, chất điều vị, chất điều chỉnh độ acid, hương cá hồi tổng hợp, chất ổn định, màu thực phẩm, chiết xuất trái dành dành, chất tạo ngọt tổng hợp, chất bảo quản', 'Dùng để chấm và nêm nếm món ăn', 'Để nơi khô ráo, thoáng mát, tránh ánh nắng trực tiếp', 'Nam Ngư', 'Việt Nam', 4, 10, 1, '2023-03-17', '2024-01-01'),
(44, 'Nước mắm cá cơm đặc sản Hưng Thịnh 40 độ đạm chai 750ml', 'nuoc-mam-ca-com-dac-san-hung-thinh-40-do-dam-chai-750ml', 'Nước mắm Hưng Thịnh được sản xuất từ cá cơm nguyên chất với phương pháp ủ chượp truyền thống. Nước mắm Hưng Thịnh đặc sản 40 độ đạm 750ml với hương vị đậm đà, đặc trưng của nước mắm cá cơm nguyên chất cùng độ đạm cao, mang đến những bữa ăn ngon, đậm vị.', 83200, 'nuoc-mam-hung-thinh-dac-san-40-do-dam-chai-750ml-201903151021148351.jpg', '750ml', 'Nước mắm cốt cá cơm 98%, chất điều vị, chất điều chỉnh độ acid', 'Dùng để chấm và nêm nếm món ăn', 'Để nơi khô ráo, thoáng mát, tránh ánh nắng trực tiếp', 'Hưng Thịnh', 'Việt Nam', 4, 10, 1, '2023-03-17', '2024-01-01'),
(45, 'Nước mắm cá cơm 584 Nha Trang 15 độ đạm can 2 lít', 'nuoc-mam-ca-com-584-nha-trang-15-do-dam-can-2-lit', 'Cá cơm, nước, muối, chất điều vị, phẩm màu, chất bảo quản', 48000, 'nuoc-mam-ca-com-584-nha-trang-15-do-dam-can-2-lit-202210212109289660.jpg', '750ml', 'Nước mắm cốt cá cơm 98%, chất điều vị, chất điều chỉnh độ acid', 'Dùng để chấm và nêm nếm món ăn', 'Để nơi khô ráo, thoáng mát, tránh ánh nắng trực tiếp', '584 Nha Trang', 'Việt Nam', 4, 10, 1, '2023-03-17', '2024-01-01'),
(46, 'Muối ớt Guyumi hũ 110g', 'muoi-ot-guyumi-hu-110g', 'Muối tôm của thương hiệu muối Guyumi được tạo nên bởi hương vị ngọt của tôm, kết hợp với vị cay của ớt và gia vị, có độ mặn vừa phải, nguồn nguyên liệu sạch, tạo nên muối ớt kiểu Tây Ninh Guymi 110g thơm ngon, khó cưỡng.', 13000, 'muoi-ot-kieu-tay-ninh-guyumi-chai-110g-202101091722009078.jpg', '750ml', 'Muối khoáng, muối, đường, chất điều vị, tỏi, chiết xuất ớt', 'Dùng để chấm trái cây, rau củ tươi, rau củ luộc. Dùng để tẩm ướp cho thịt cá, hải sản nướng hoặc làm gia vị nêm cho các món xào, kho, canh', 'Bảo quản nơi khô ráo, thoáng mát và tránh ánh nắng trực tiếp. Đậy kín nắp sau khi sử dụng', 'Guyumi', 'Việt Nam', 4, 10, 1, '2023-03-17', '2024-01-01'),
(47, 'Cá ngừ xốt cà chua Tuna Việt Nam hộp 140g', 'ca-ngu-xot-ca-chua-tuna-viet-nam-hop-140g', 'Cá ngừ xốt cà chua Tuna Việt Nam lon 140g của cá hộp Tuna Việt Nam với hơn 60% cá ngừ , hòa quyện với sốt cà chua đặc cùng các gia vị được tuyển chọn kĩ càng đã tạo nên một món cá hộp đầy bổ dưỡng, lạ miệng, phù hợp cho việc chế biến các món ăn trong gia đình hoặc đi dã ngoại du lịch.', 16600, 'ca-ngu-xot-ca-chua-tuna-viet-nam-lon-140g-202011051454163555.jpg', '140g', 'Cá ngừ 60%, nước 29.81%, cà chua cô đặc 2.27%, gia vị khác 7.92% bao gồm dầu nành, đường tinh luyện, dấm ăn, chất làm dầy, protein đậu nành, chất điều vị,...', 'Dùng ngày sau khi mở nắp, có thể làm nóng trước lại khi dùng hoặc chế biến thành các món ăn khác', 'Để nơi khô ráo, thoáng mát. Sau khi mở nắp, bảo quản ở nhiệt độ từ 0 - 5 độ C, dùng trong 24 giờ', 'Tuna Việt Nam', 'Việt Nam', 10, 10, 1, '2023-03-17', '2024-01-01'),
(48, 'Cá mòi sốt cà vị ớt cay Ligo hộp 155g', 'ca-moi-sot-ca-vi-ot-cay-ligo-hop-155g', 'Cá mòi sốt cà vị ớt cay Ligo hộp 155g với thành phần chính là cá mòi được chọn lọc kĩ càng, an toàn cho sức khỏe kết hợp với sốt cà chua đậm tạo nên món ăn hương vị cá hộp thơm ngon. Đặc biệt cá hộp Ligo có vị cay của ớt kích thích vị giác, tạo cảm giác ngon miệng.', 18000, 'ca-moi-sot-ca-vi-ot-cay-ligo-hop-155g-201905221108536465.jpg', '155g', 'Cá mòi 48 - 58%, nước sốt cà chua (paste cà chua, nước, bột bắp biến tính, muối i-ốt, đường, bột hành, bột tỏi, ớt) 42 - 52%.', 'Ăn liền hoặc chế biến thành các món ăn tuỳ thích', 'Để nơi khô ráo, thoáng mát, tránh ánh nắng trực tiếp', 'Ligo (Mỹ)', 'Philippines', 10, 10, 1, '2023-03-17', '2024-01-01'),
(49, 'Thịt áp chảo Ponnie hộp 340g', 'thit-ap-chao-ponnie-hop-340g', 'Thịt áp chảo Ponnie hộp 340g thơm ngon, hấp dẫn, có thể sử dụng để ăn liền hoặc ăn với cơm rất hấp dẫn. Heo hộp Ponnie là sản phẩm heo hộp được mọi người rất ưa chuộng, dinh dưỡng, tiện lợi.', 95000, 'thit-ap-chao-ponnie-hop-340g-202301141530060154.jpg', '340g', 'Thịt heo, nước, muối, chất ổn định, đường, chất điều vị, bột giấm và cần tây, bột gia vị, bột mì.', 'Ăn trực tiếp hoặc ăn kèm cơm, bánh mì, trộn salad', 'Bảo quản nơi khô ráo, thoáng mát, nhiệt độ thường.', 'Ponnie (Hàn Quốc)', 'Hàn Quốc', 10, 10, 1, '2023-03-17', '2024-01-01'),
(50, '6 lon nước ngọt Pepsi Cola 320ml', '6-lon-nuoc-ngot-pepsi-cola-320ml', 'Từ thương hiệu nước ngọt có gas nổi tiếng toàn cầu - Pepsi - với mùi vị thơm ngon với hỗn hợp hương tự nhiên cùng chất tạo ngọt tổng hợp, giúp xua tan cơn khát và cảm giác mệt mỏi.  6 lon nước ngọt Pepsi Cola 320ml bổ sung năng lượng làm việc mỗi ngày. Cam kết sản phẩm chính hãng, chất lượng.', 54000, 'loc-6-lon-nuoc-ngot-pepsi-cola-330ml-202003201311477466.jfif', '320ml/6 lon', 'Có đường, có ga', 'Ngon hơn khi uống lạnh', 'Bảo quản nơi khô ráo, thoáng mát, nhiệt độ lạnh.', 'Pepsi (Mỹ)', 'Việt Nam', 18, 10, 1, '2023-03-17', '2024-01-01'),
(51, '6 lon nước ngọt có ga Mirinda vị soda kem việt quất 320ml', '6-lon-nuoc-ngot-co-ga-mirinda-vi-soda-kem-viet-quat-320ml', 'Nước ngọt Mirinda vị soda kem việt quất là dòng sản phẩm nước ngọt mang đến cho bạn nguồn năng lượng mới mẻ với vị soda kem ngon bùng nổ cùng hương việt quất. Hãy mua lốc 6 lon nước ngọt Mirinda vị soda kem việt quất 320ml để thưởng thức và cảm nhận vị ngon đặc biệt nhé!', 62000, '6-lon-nuoc-ngot-co-ga-mirinda-vi-soda-kem-viet-quat-320ml-202204222251548830.jpg', '320ml/6 lon', 'Nước bão hòa CO2, đường, hỗn hợp vị soda kem và hương việt quất giống tự nhiên, chất điều chỉnh độ axit, chất ổn định, chất tạo ngọt tổng hợp, chất bảo quản, chất chống oxy hóa,...', 'Ngon hơn khi uống lạnh', 'Nơi khô ráo thoáng mát, tránh ánh nắng mặt trời.', 'Mirinda (Việt Nam)', 'Việt Nam', 10, 10, 1, '2023-03-17', '2024-01-01');

-- 
-- Dumping data for table permission
--
INSERT INTO permission VALUES
(1, 'view user myself', 'user/myself'),
(2, 'edit user myself', 'user/myself/edit'),
(3, 'delete user myself', 'user/myself/delete'),
(4, 'view all user', 'user/list'),
(5, 'edit all user', 'user/edit'),
(6, 'delete all user', 'user/delete'),
(7, 'view orders myself', 'user/order/list'),
(8, 'create orders myself', 'user/order'),
(9, 'edit orders myself', 'user/order/edit'),
(10, 'delete orders myself', 'user/order/delete'),
(11, 'view product', 'product/list'),
(12, 'create product', 'product'),
(13, 'edit product', 'product/edit'),
(14, 'delete product', 'product/delete'),
(15, 'view suppilier', 'suppilier/list'),
(16, 'create suppilier', 'suppilier'),
(17, 'edit suppilier', 'suppilier/edit'),
(18, 'delete suppilier', 'suppilier/delete'),
(19, 'view category', 'category/list'),
(20, 'create category', 'category'),
(21, 'edit category', 'category/edit'),
(22, 'delete category', 'category/delete'),
(23, 'view warehouse', 'warehouse/list'),
(24, 'create warehouse', 'warehouse'),
(25, 'edit warehouse', 'warehouse/warehouse'),
(26, 'delete warehouse', 'warehouse/delete'),
(27, 'view group', 'group/list'),
(28, 'create group', 'group'),
(29, 'edit group', 'group/edit'),
(30, 'delete group', 'group/delete'),
(31, 'view cart myself', 'user/cart/list'),
(32, 'create cart myself ', 'user/cart'),
(33, 'edit cart myself', 'user/cart/edit'),
(34, 'delete cart myself', 'user/cart/delete'),
(35, 'view all orders', 'order/list'),
(36, 'create all orders', 'order'),
(37, 'edit all orders', 'order/edit'),
(38, 'delete all orders', 'order/delete');

-- 
-- Dumping data for table order_detail
--
-- Table sieuthi_mini.order_detail does not contain any data (it is empty)

-- 
-- Dumping data for table orders
--
-- Table sieuthi_mini.orders does not contain any data (it is empty)

-- 
-- Dumping data for table in_user_permission
--
-- Table sieuthi_mini.in_user_permission does not contain any data (it is empty)

-- 
-- Dumping data for table import_mst
--
INSERT INTO import_mst VALUES
(1, '2023-02-25', 1, 1),
(2, '2023-02-25', 2, 2),
(3, '2023-02-25', 1, 3),
(4, '2023-02-27', 1, 1),
(5, '2023-02-27', NULL, 1),
(6, '2023-02-27', 1, 1),
(7, '2023-02-27', 1, 1);

-- 
-- Dumping data for table import_detail
--
INSERT INTO import_detail VALUES
(1, 1, 1, 100, NULL),
(2, 2, 1, 200, NULL),
(3, 1, 2, 40, NULL),
(4, 4, 10, 100, NULL),
(5, 4, 9, 4, NULL),
(6, 5, 1, 1, NULL),
(7, 6, 1, 1, NULL),
(8, 7, 1, 1, NULL),
(9, 7, 2, 10, NULL);

-- 
-- Dumping data for table group_permission
--
INSERT INTO group_permission VALUES
(1, 5, 1),
(2, 5, 2),
(3, 5, 3),
(4, 5, 7),
(5, 5, 8),
(6, 5, 9),
(7, 5, 15),
(8, 5, 19),
(9, 5, 31),
(10, 5, 33),
(11, 5, 34),
(12, 1, 1),
(13, 1, 2),
(14, 1, 3),
(15, 1, 4),
(16, 1, 5),
(17, 1, 6),
(18, 1, 7),
(19, 1, 8),
(20, 1, 9),
(21, 1, 10),
(22, 1, 11),
(23, 1, 12),
(24, 1, 13),
(25, 1, 14),
(26, 1, 15),
(27, 1, 16),
(28, 1, 17),
(29, 1, 18),
(30, 1, 19),
(31, 1, 20),
(32, 1, 21),
(33, 1, 22),
(34, 1, 23),
(35, 1, 24),
(36, 1, 25),
(37, 1, 26),
(38, 1, 27),
(39, 1, 28),
(40, 1, 29),
(41, 1, 30),
(42, 1, 31),
(43, 1, 32),
(44, 1, 33),
(45, 1, 34),
(46, 1, 35),
(47, 1, 36),
(48, 1, 37),
(49, 1, 38),
(50, NULL, NULL),
(51, NULL, NULL),
(52, NULL, NULL),
(53, NULL, NULL),
(54, NULL, NULL),
(55, NULL, NULL),
(56, NULL, NULL),
(57, NULL, NULL),
(58, NULL, NULL),
(59, NULL, NULL),
(60, NULL, NULL),
(61, NULL, NULL),
(62, NULL, NULL);

-- 
-- Dumping data for table groups
--
INSERT INTO groups VALUES
(1, 'admin'),
(2, 'manage'),
(3, 'cashier'),
(4, 'seller'),
(5, 'customer');

-- 
-- Dumping data for table ex_user_group
--
INSERT INTO ex_user_group VALUES
(1, NULL, NULL),
(2, NULL, NULL),
(3, NULL, NULL),
(4, NULL, NULL);

-- 
-- Dumping data for table category_product
--
INSERT INTO category_product VALUES
(1, 'Mì, hủ tiếu, phở gói', 'mi-hu-tieu-pho'),
(4, 'Gia Vị - Nguyên Liệu Nấu Ăn', 'gia-vi'),
(7, 'Gạo các loại', 'cac-loai-gao'),
(10, 'Đồ hộp các loại', 'do-dong-hop'),
(12, 'Rau lá', 'rau-sach'),
(13, 'Củ, quả', 'cu-qua'),
(14, 'Trái cây', 'trai-cay'),
(15, 'Thịt các loại', 'thit-cac-loai'),
(16, 'Cá, hải sản', 'ca-tom-muc-ech'),
(17, 'Bia', 'bia'),
(18, 'Nước ngọt', 'nuoc-ngot'),
(19, 'Bánh Snake', 'banh'),
(20, 'Nước giặt', 'nuoc-giat'),
(21, 'Nồi, niêu, xoong, chảo', 'noi-chao');

-- 
-- Dumping data for table cart
--
-- Table sieuthi_mini.cart does not contain any data (it is empty)

-- 
-- Restore previous SQL mode
-- 
/*!40101 SET SQL_MODE=@OLD_SQL_MODE */;

-- 
-- Enable foreign keys
-- 
/*!40014 SET FOREIGN_KEY_CHECKS = @OLD_FOREIGN_KEY_CHECKS */;